State_Municipality,num_of_total,num_of_total_rural,num_of_total_urban
1001,231,11,220
1002,17,9,8
1003,28,9,19
1004,5,1,4
1005,17,6,11
1006,10,1,9
1007,23,1,22
1008,7,5,2
1009,8,3,5
1010,6,4,2
1011,9,2,7
2001,206,32,174
2002,361,24,337
2003,37,5,32
2004,635,5,630
2005,49,0,49
2006,69,19,50
2007,8,1,7
3001,72,30,42
3002,66,19,47
3003,189,28,161
3008,135,16,119
3009,17,1,16
4001,26,11,15
4002,181,29,152
4003,139,46,93
4004,63,39,24
4005,21,8,13
4006,39,24,15
4007,24,16,8
4008,9,3,6
4009,55,34,21
4010,42,37,5
4011,92,78,14
4012,8,2,6
4013,7,0,7
5001,2,1,1
5002,42,2,40
5003,9,1,8
5004,16,10,6
5005,3,1,2
5006,10,2,8
5007,14,7,7
5008,3,2,1
5009,27,10,17
5010,15,1,14
5011,13,7,6
5012,3,2,1
5013,1,0,1
5014,7,4,3
5015,3,1,2
5016,1,0,1
5017,28,10,18
5018,62,0,62
5019,4,0,4
5020,22,3,19
5021,3,1,2
5022,4,0,4
5023,15,11,4
5024,25,8,17
5025,58,1,57
5026,3,2,1
5027,30,10,20
5028,16,1,15
5029,3,0,3
5030,210,13,197
5031,10,2,8
5032,20,1,19
5033,39,19,20
5034,8,6,2
5035,182,9,173
5036,13,8,5
5037,5,1,4
5038,9,3,6
6001,23,10,13
6002,134,23,111
6003,23,17,6
6004,24,14,10
6005,27,15,12
6006,16,12,4
6007,132,45,87
6008,22,15,7
6009,87,19,68
6010,41,10,31
7001,10,8,2
7002,11,2,9
7003,24,18,6
7004,23,17,6
7005,23,20,3
7006,24,18,6
7007,7,6,1
7008,17,7,10
7009,28,16,12
7010,5,4,1
7011,19,17,2
7012,21,9,12
7013,19,9,10
7014,13,10,3
7015,19,10,9
7016,13,8,5
7017,54,30,24
7018,8,5,3
7019,76,30,46
7020,29,21,8
7021,13,10,3
7022,17,13,4
7023,61,57,4
7024,9,7,2
7025,5,2,3
7026,44,41,3
7027,36,23,13
7028,4,0,4
7029,4,0,4
7030,24,18,6
7031,153,147,6
7032,21,14,7
7033,12,10,2
7034,41,21,20
7035,6,2,4
7036,3,2,1
7037,14,9,5
7038,27,23,4
7039,25,20,5
7040,32,13,19
7041,25,18,7
7042,11,5,6
7043,8,5,3
7044,10,8,2
7045,8,5,3
7046,35,26,9
7047,10,6,4
7048,15,10,5
7049,19,15,4
7050,5,3,2
7051,26,17,9
7052,101,92,9
7053,10,8,2
7054,16,10,6
7055,2,0,2
7056,7,5,2
7057,48,32,16
7058,3,0,3
7059,162,135,27
7060,12,9,3
7061,39,25,14
7062,19,15,4
7063,3,1,2
7064,46,40,6
7065,92,64,28
7066,29,25,4
7067,13,10,3
7068,32,15,17
7069,63,44,19
7070,11,7,4
7071,16,12,4
7072,14,12,2
7073,7,2,5
7074,28,15,13
7075,12,6,6
7076,22,18,4
7077,56,52,4
7078,80,14,66
7079,14,8,6
7080,23,17,6
7081,33,27,6
7082,26,23,3
7083,14,10,4
7084,9,5,4
7085,4,0,4
7086,7,0,7
7087,19,10,9
7088,2,1,1
7089,182,52,130
7090,2,1,1
7091,8,2,6
7092,17,15,2
7093,18,15,3
7094,17,10,7
7096,47,36,11
7097,76,36,40
7098,5,2,3
7099,52,41,11
7100,26,21,5
7101,264,1,263
7102,17,13,4
7103,12,11,1
7104,15,9,6
7105,9,5,4
7106,31,14,17
7107,35,20,15
7108,59,26,33
7109,37,27,10
7110,3,0,3
7111,20,13,7
7112,30,27,3
7113,10,7,3
7114,10,9,1
7115,15,12,3
7116,16,13,3
7117,11,9,2
7118,6,5,1
7119,4,0,4
7120,5,4,1
7121,1,0,1
7122,7,3,4
7123,6,3,3
7124,14,9,5
7125,13,12,1
8001,6,3,3
8002,9,2,7
8003,5,3,2
8004,4,2,2
8005,11,3,8
8006,5,3,2
8007,25,22,3
8008,23,20,3
8009,46,30,16
8010,11,2,9
8011,24,6,18
8012,17,14,3
8013,5,3,2
8014,3,1,2
8015,4,2,2
8016,1,0,1
8017,59,12,47
8018,4,4,0
8019,340,9,331
8020,15,12,3
8021,44,2,42
8022,6,3,3
8023,2,1,1
8024,2,1,1
8025,12,5,7
8026,3,2,1
8027,60,53,7
8028,4,1,3
8029,67,62,5
8030,15,11,4
8031,32,21,11
8032,41,0,41
8033,1,0,1
8034,7,3,4
8035,4,2,2
8036,12,3,9
8037,345,4,341
8038,2,0,2
8039,4,2,2
8040,21,13,8
8041,7,5,2
8042,2,1,1
8043,4,1,3
8044,7,4,3
8045,11,3,8
8046,17,15,2
8047,10,8,2
8048,18,9,9
8049,5,3,2
8050,34,0,34
8051,12,10,2
8052,9,2,7
8053,4,1,3
8054,4,3,1
8055,6,2,4
8056,3,2,1
8057,4,2,2
8058,2,1,1
8059,5,0,5
8060,5,0,5
8061,4,3,1
8062,9,1,8
8063,7,5,2
8064,2,1,1
8065,28,27,1
8066,19,16,3
8067,6,3,3
9002,172,0,172
9003,255,0,255
9004,93,0,93
9005,500,0,500
9006,139,0,139
9007,603,0,603
9008,103,0,103
9009,69,2,67
9010,260,0,260
9011,140,0,140
9012,287,2,285
9013,141,4,137
9014,325,0,325
9015,483,0,483
9016,245,0,245
9017,223,0,223
10001,19,13,6
10002,6,4,2
10003,4,3,1
10004,18,12,6
10005,257,28,229
10006,9,6,3
10007,81,14,67
10008,17,7,10
10009,14,11,3
10010,6,5,1
10011,8,7,1
10012,38,9,29
10013,17,4,13
10014,48,42,6
10015,9,7,2
10016,11,7,4
10017,11,7,4
10018,11,7,4
10019,6,5,1
10020,8,4,4
10021,5,4,1
10022,8,3,5
10023,31,23,8
10024,10,5,5
10025,8,5,3
10026,23,20,3
10027,11,7,4
10028,9,4,5
10029,2,1,1
10030,3,2,1
10031,5,3,2
10032,28,14,14
10033,8,5,3
10034,29,19,10
10035,11,5,6
10036,11,6,5
10037,8,6,2
10038,11,2,9
10039,14,6,8
11001,22,7,15
11002,57,15,42
11003,52,17,35
11004,21,7,14
11005,29,7,22
11006,7,6,1
11007,136,9,127
11008,19,7,12
11009,22,5,17
11010,4,3,1
11011,30,5,25
11012,12,2,10
11013,8,4,4
11014,53,21,32
11015,69,9,60
11016,10,2,8
11017,155,15,140
11018,14,3,11
11019,28,18,10
11020,352,13,339
11021,29,3,26
11022,15,8,7
11023,67,29,38
11024,11,2,9
11025,19,8,11
11026,18,10,8
11027,80,10,70
11028,41,11,30
11029,18,9,9
11030,35,17,18
11031,44,9,35
11032,26,8,18
11033,47,16,31
11034,4,4,0
11035,24,2,22
11036,6,2,4
11037,45,9,36
11038,11,3,8
11039,17,11,6
11040,9,6,3
11041,19,3,16
11042,39,10,29
11043,13,10,3
11044,17,3,14
11045,14,10,4
11046,31,11,20
12001,391,78,313
12002,33,31,2
12003,31,20,11
12004,35,33,2
12005,9,6,3
12006,9,6,3
12007,26,16,10
12008,18,15,3
12009,15,12,3
12010,30,26,4
12011,63,40,23
12012,41,30,11
12013,13,8,5
12014,16,11,5
12015,13,9,4
12016,24,22,2
12017,13,8,5
12018,11,8,3
12019,18,16,2
12020,31,28,3
12021,62,44,18
12022,42,31,11
12023,18,12,6
12024,17,14,3
12025,14,11,3
12026,12,10,2
12027,27,22,5
12028,90,69,21
12029,155,29,126
12030,8,4,4
12031,9,6,3
12032,48,42,6
12033,23,18,5
12034,34,22,12
12035,60,8,52
12036,16,13,3
12037,8,6,2
12038,68,27,41
12039,23,15,8
12040,22,13,9
12041,33,29,4
12042,23,20,3
12043,36,28,8
12044,7,4,3
12045,36,27,9
12046,45,16,29
12047,11,8,3
12048,42,25,17
12049,9,6,3
12050,25,12,13
12051,33,27,6
12052,36,21,15
12053,34,20,14
12054,36,32,4
12055,73,34,39
12056,45,37,8
12057,56,34,22
12058,52,44,8
12059,29,24,5
12060,13,10,3
12061,18,8,10
12062,23,18,5
12063,16,12,4
12064,15,12,3
12065,16,14,2
12066,52,28,24
12067,21,14,7
12068,35,25,10
12069,19,16,3
12070,8,6,2
12071,23,17,6
12072,17,14,3
12073,22,18,4
12074,18,13,5
12075,40,18,22
12076,48,44,4
12077,6,4,2
12078,18,14,4
12079,11,9,2
12080,4,2,2
12081,17,11,6
12082,9,6,3
12083,10,8,2
12084,7,5,2
12085,4,2,2
13001,20,13,7
13002,34,17,17
13003,50,13,37
13004,13,7,6
13005,10,1,9
13006,19,10,9
13007,7,3,4
13008,30,8,22
13009,13,8,5
13010,22,0,22
13011,25,17,8
13012,23,11,12
13013,17,2,15
13014,21,11,10
13015,38,33,5
13016,35,13,22
13017,12,7,5
13018,30,19,11
13019,17,11,6
13020,9,7,2
13021,8,6,2
13022,8,6,2
13023,17,4,13
13024,9,2,7
13025,34,25,9
13026,16,7,9
13027,31,23,8
13028,85,34,51
13029,40,20,20
13030,69,43,26
13031,20,11,9
13032,8,2,6
13033,6,5,1
13034,14,12,2
13035,4,1,3
13036,8,4,4
13037,31,20,11
13038,14,10,4
13039,6,0,6
13040,17,8,9
13041,38,15,23
13042,17,10,7
13043,19,13,6
13044,19,11,8
13045,9,5,4
13046,31,17,14
13047,9,8,1
13048,194,4,190
13049,23,13,10
13050,12,0,12
13051,38,8,30
13052,20,9,11
13053,43,27,16
13054,28,21,7
13055,20,13,7
13056,11,5,6
13057,12,7,5
13058,16,10,6
13059,31,22,9
13060,22,14,8
13061,30,9,21
13062,45,35,10
13063,31,10,21
13064,14,8,6
13065,5,2,3
13066,7,0,7
13067,36,12,24
13068,24,16,8
13069,44,2,42
13070,13,2,11
13071,22,17,5
13072,4,2,2
13073,43,30,13
13074,22,0,22
13075,9,2,7
13076,88,22,66
13077,68,2,66
13078,23,20,3
13079,9,5,4
13080,23,18,5
13081,17,7,10
13082,17,0,17
13083,17,7,10
13084,40,23,17
14001,8,0,8
14002,7,0,7
14003,10,2,8
14004,3,1,2
14005,6,2,4
14006,33,6,27
14007,6,4,2
14008,23,4,19
14009,9,2,7
14010,3,1,2
14011,3,1,2
14012,6,1,5
14013,21,7,14
14014,6,3,3
14015,32,5,27
14016,11,2,9
14017,13,4,9
14018,29,13,16
14019,15,10,5
14020,10,4,6
14021,10,1,9
14022,16,1,15
14023,40,2,38
14024,13,3,10
14025,20,5,15
14026,2,0,2
14027,17,11,6
14028,3,1,2
14029,10,6,4
14030,22,2,20
14031,7,3,4
14032,4,1,3
14033,8,2,6
14034,2,0,2
14035,16,4,12
14036,6,1,5
14037,10,1,9
14038,6,3,3
14039,474,0,474
14040,9,3,6
14041,9,5,4
14042,9,5,4
14043,20,12,8
14044,14,5,9
14045,11,6,5
14046,11,3,8
14047,7,3,4
14048,10,6,4
14049,7,2,5
14050,18,4,14
14051,6,2,4
14052,4,1,3
14053,48,11,37
14054,4,2,2
14055,6,1,5
14056,5,0,5
14057,2,1,1
14058,8,3,5
14059,7,1,6
14060,3,0,3
14061,35,30,5
14062,3,1,2
14063,26,1,25
14064,15,7,8
14065,12,4,8
14066,18,3,15
14067,72,1,71
14068,15,9,6
14069,8,4,4
14070,28,1,27
14071,5,1,4
14072,3,0,3
14073,22,2,20
14074,5,0,5
14075,2,0,2
14076,5,1,4
14077,16,4,12
14078,7,2,5
14079,8,1,7
14080,6,3,3
14081,6,3,3
14082,9,0,9
14083,21,4,17
14084,11,6,5
14085,24,9,15
14086,11,1,10
14087,9,1,8
14088,8,4,4
14089,4,0,4
14090,7,5,2
14091,18,4,14
14092,6,2,4
14093,47,2,45
14094,13,3,10
14095,5,3,2
14096,9,0,9
14097,81,2,79
14098,98,3,95
14099,9,1,8
14100,23,7,16
14101,62,1,61
14102,3,0,3
14103,4,0,4
14104,5,3,2
14105,7,1,6
14106,4,1,3
14107,3,0,3
14108,9,1,8
14109,11,2,9
14110,8,2,6
14111,3,0,3
14112,7,1,6
14113,15,8,7
14114,12,3,9
14115,5,1,4
14116,7,1,6
14117,3,1,2
14118,12,2,10
14119,12,7,5
14120,314,7,307
14121,12,3,9
14122,6,1,5
14123,7,3,4
14124,23,6,17
14125,6,1,5
15001,57,44,13
15002,45,0,45
15003,50,37,13
15004,14,10,4
15005,73,41,32
15006,3,0,3
15007,25,21,4
15008,39,21,18
15009,23,2,21
15010,11,2,9
15011,19,0,19
15012,5,1,4
15013,138,0,138
15014,78,35,43
15015,10,0,10
15016,18,4,14
15017,4,2,2
15018,15,4,11
15019,15,0,15
15020,49,1,48
15021,30,22,8
15022,6,2,4
15023,7,0,7
15024,65,0,65
15025,94,0,94
15026,23,13,10
15027,3,0,3
15028,14,2,12
15029,34,0,34
15030,8,2,6
15031,109,0,109
15032,23,16,7
15033,261,0,261
15034,6,4,2
15035,35,9,26
15036,18,3,15
15037,70,3,67
15038,5,0,5
15039,95,13,82
15040,28,15,13
15041,10,6,4
15042,96,44,52
15043,13,10,3
15044,6,0,6
15045,60,39,21
15046,8,0,8
15047,39,32,7
15048,43,21,22
15049,11,6,5
15050,7,0,7
15051,54,14,40
15052,21,12,9
15053,14,0,14
15054,108,1,107
15055,4,0,4
15056,24,14,10
15057,281,3,278
15058,186,0,186
15059,12,3,9
15060,72,4,68
15061,6,2,4
15062,23,0,23
15063,22,13,9
15064,38,26,12
15065,18,2,16
15066,6,2,4
15067,27,10,17
15068,10,2,8
15069,2,0,2
15070,46,0,46
15071,18,14,4
15072,7,2,5
15073,8,0,8
15074,97,60,37
15075,12,6,6
15076,36,0,36
15077,13,6,7
15078,11,6,5
15079,11,8,3
15080,32,25,7
15081,85,3,82
15082,64,30,34
15083,11,0,11
15084,20,5,15
15085,43,26,17
15086,36,26,10
15087,54,39,15
15088,34,6,28
15089,6,2,4
15090,36,2,34
15091,17,0,17
15092,27,4,23
15093,13,4,9
15094,12,4,8
15095,24,0,24
15096,12,0,12
15097,15,12,3
15098,4,0,4
15099,106,4,102
15100,9,0,9
15101,36,7,29
15102,17,12,5
15103,13,2,11
15104,211,0,211
15105,50,34,16
15106,403,15,388
15107,7,2,5
15108,23,4,19
15109,81,0,81
15110,36,11,25
15111,30,21,9
15112,22,10,12
15113,27,13,14
15114,61,52,9
15115,19,5,14
15116,5,0,5
15117,23,16,7
15118,58,12,46
15119,15,14,1
15120,51,2,49
15121,92,0,92
15122,56,2,54
15123,35,24,11
15124,87,81,6
15125,3,0,3
16001,7,1,6
16002,14,4,10
16003,21,14,7
16004,12,4,8
16005,5,0,5
16006,64,9,55
16007,2,0,2
16008,33,24,9
16009,20,8,12
16010,19,7,12
16011,8,3,5
16012,21,3,18
16013,13,6,7
16014,18,9,9
16015,13,6,7
16016,19,11,8
16017,26,18,8
16018,7,4,3
16019,12,3,9
16020,18,7,11
16021,6,2,4
16022,15,7,8
16023,5,3,2
16024,9,0,9
16025,23,10,13
16026,10,4,6
16027,8,5,3
16028,7,3,4
16029,9,4,5
16030,7,2,5
16031,17,7,10
16032,5,2,3
16033,15,7,8
16034,59,19,40
16035,28,8,20
16036,11,5,6
16037,9,5,4
16038,41,20,21
16039,8,4,4
16040,9,3,6
16041,10,5,5
16042,6,2,4
16043,15,0,15
16044,11,4,7
16045,17,2,15
16046,8,0,8
16047,17,10,7
16048,3,0,3
16049,23,10,13
16050,56,16,40
16051,9,3,6
16052,97,11,86
16053,335,37,298
16054,17,7,10
16055,22,4,18
16056,15,3,12
16057,12,3,9
16058,3,0,3
16059,12,6,6
16060,9,5,4
16061,8,4,4
16062,11,2,9
16063,17,12,5
16064,13,6,7
16065,16,7,9
16066,54,10,44
16067,19,14,5
16068,15,6,9
16069,44,6,38
16070,12,0,12
16071,53,26,27
16072,8,2,6
16073,16,1,15
16074,3,1,2
16075,28,10,18
16076,25,2,23
16077,14,10,4
16078,10,7,3
16079,20,8,12
16080,16,13,3
16081,9,4,5
16082,37,12,25
16083,18,10,8
16084,15,5,10
16085,18,8,10
16086,14,7,7
16087,10,4,6
16088,35,12,23
16089,14,5,9
16090,6,0,6
16091,9,2,7
16092,19,10,9
16093,16,9,7
16094,11,5,6
16095,6,0,6
16096,10,3,7
16097,23,10,13
16098,13,5,8
16099,21,8,13
16100,8,3,5
16101,14,10,4
16102,95,9,86
16103,13,4,9
16104,14,3,11
16105,18,8,10
16106,17,3,14
16107,44,8,36
16108,60,3,57
16109,3,0,3
16110,28,10,18
16111,7,4,3
16112,69,26,43
16113,15,6,9
17001,15,8,7
17002,10,2,8
17003,25,8,17
17004,37,7,30
17005,16,13,3
17006,100,8,92
17007,241,2,239
17008,35,2,33
17009,13,5,8
17010,10,4,6
17011,71,0,71
17012,56,5,51
17013,16,2,14
17014,5,2,3
17015,13,3,10
17016,11,4,7
17017,30,5,25
17018,56,3,53
17019,22,8,14
17020,21,10,11
17021,11,4,7
17022,7,2,5
17023,8,2,6
17024,32,14,18
17025,31,21,10
17026,16,10,6
17027,7,3,4
17028,35,2,33
17029,56,9,47
17030,24,6,18
17031,21,0,21
17032,5,0,5
17033,9,2,7
17034,3,0,3
17035,3,0,3
17036,2,0,2
18001,57,38,19
18002,18,12,6
18003,21,15,6
18004,63,24,39
18005,31,27,4
18006,29,8,21
18007,23,15,8
18008,32,16,16
18009,113,107,6
18010,42,33,9
18011,26,14,12
18012,45,27,18
18013,12,7,5
18014,23,15,8
18015,87,54,33
18016,45,25,20
18017,223,29,194
18018,35,4,31
18019,43,36,7
18020,78,25,53
19001,1,0,1
19002,11,7,4
19003,3,2,1
19004,16,5,11
19005,16,7,9
19006,118,2,116
19007,21,12,9
19008,1,0,1
19009,52,11,41
19010,14,0,14
19011,11,2,9
19012,7,0,7
19013,15,3,12
19014,49,36,13
19015,4,1,3
19016,4,1,3
19017,42,29,13
19018,45,3,42
19019,85,1,84
19020,6,1,5
19021,77,1,76
19022,15,7,8
19023,2,1,1
19024,14,11,3
19025,11,0,11
19026,213,0,213
19027,2,1,1
19028,1,0,1
19029,7,1,6
19030,7,2,5
19031,56,2,54
19032,9,4,5
19033,59,27,32
19034,1,0,1
19035,1,0,1
19036,9,7,2
19037,5,1,4
19038,41,10,31
19039,466,0,466
19040,3,2,1
19041,20,2,18
19042,14,10,4
19043,6,4,2
19044,28,3,25
19045,18,0,18
19046,119,0,119
19047,5,0,5
19048,64,5,59
19049,32,6,26
19050,9,7,2
19051,7,4,3
20001,2,0,2
20002,33,12,21
20003,5,4,1
20004,1,0,1
20005,14,9,5
20006,25,5,20
20007,2,0,2
20008,2,0,2
20009,6,4,2
20010,10,3,7
20011,1,0,1
20012,7,5,2
20013,2,0,2
20014,19,0,19
20015,3,2,1
20016,15,12,3
20017,4,2,2
20018,2,0,2
20019,4,1,3
20020,4,2,2
20021,14,4,10
20022,1,0,1
20023,9,6,3
20024,5,3,2
20025,6,0,6
20026,10,2,8
20027,1,0,1
20028,9,2,7
20029,6,5,1
20030,7,0,7
20031,21,8,13
20032,1,0,1
20033,3,0,3
20034,2,0,2
20035,3,0,3
20036,12,11,1
20037,9,3,6
20038,1,0,1
20039,63,17,46
20040,5,2,3
20041,15,7,8
20042,17,8,9
20043,77,6,71
20044,23,8,15
20045,3,0,3
20046,3,2,1
20048,2,0,2
20049,1,0,1
20050,1,0,1
20051,2,0,2
20052,6,1,5
20053,1,0,1
20054,2,0,2
20055,4,0,4
20056,2,0,2
20057,36,8,28
20058,22,12,10
20059,21,11,10
20060,3,2,1
20061,5,2,3
20062,2,0,2
20063,3,0,3
20064,13,6,7
20065,1,0,1
20066,11,5,6
20067,277,2,275
20068,16,2,14
20069,2,0,2
20070,4,0,4
20071,6,2,4
20072,7,4,3
20073,38,22,16
20074,2,0,2
20075,1,0,1
20076,3,2,1
20077,5,2,3
20078,2,0,2
20079,37,6,31
20080,1,0,1
20081,3,1,2
20082,3,2,1
20083,5,0,5
20084,1,0,1
20085,34,22,12
20086,1,0,1
20087,3,0,3
20088,3,0,3
20089,2,0,2
20090,8,2,6
20091,3,0,3
20092,1,0,1
20093,1,0,1
20094,5,3,2
20095,1,0,1
20096,1,0,1
20097,1,0,1
20098,2,1,1
20099,1,0,1
20100,1,0,1
20101,3,0,3
20102,2,0,2
20103,2,0,2
20104,2,1,1
20105,7,6,1
20107,5,0,5
20108,4,3,1
20109,2,0,2
20110,1,0,1
20111,3,2,1
20112,2,0,2
20113,2,0,2
20114,2,0,2
20115,29,0,29
20116,1,0,1
20117,1,0,1
20118,1,0,1
20119,1,0,1
20120,1,0,1
20122,2,0,2
20123,1,0,1
20124,7,3,4
20125,20,14,6
20126,2,0,2
20127,1,0,1
20128,1,0,1
20129,2,0,2
20130,2,1,1
20131,12,2,10
20132,1,0,1
20133,4,3,1
20134,23,12,11
20135,6,3,3
20136,18,11,7
20137,5,4,1
20138,1,0,1
20139,6,2,4
20140,2,0,2
20141,4,2,2
20142,5,0,5
20143,11,4,7
20144,1,0,1
20145,2,0,2
20146,1,0,1
20148,3,2,1
20149,2,0,2
20150,11,3,8
20151,5,3,2
20152,2,1,1
20153,4,0,4
20154,4,2,2
20156,4,2,2
20157,7,0,7
20158,3,0,3
20159,12,9,3
20160,1,0,1
20161,7,4,3
20162,2,0,2
20163,5,0,5
20164,5,4,1
20165,2,0,2
20166,5,3,2
20167,1,0,1
20168,1,0,1
20169,1,0,1
20170,3,2,1
20171,33,18,15
20172,1,0,1
20173,2,0,2
20174,3,0,3
20175,1,0,1
20176,7,3,4
20177,17,7,10
20178,4,2,2
20179,2,0,2
20180,4,2,2
20181,2,0,2
20182,1,0,1
20183,1,0,1
20184,86,24,62
20185,4,2,2
20186,1,0,1
20187,1,0,1
20188,7,5,2
20189,5,1,4
20190,27,21,6
20191,2,0,2
20192,1,0,1
20193,1,0,1
20194,1,0,1
20195,1,0,1
20196,2,0,2
20197,1,0,1
20198,32,30,2
20199,1,0,1
20200,3,2,1
20201,2,0,2
20202,7,4,3
20203,1,0,1
20204,2,0,2
20205,16,15,1
20206,3,2,1
20207,21,20,1
20208,19,6,13
20209,2,0,2
20210,13,12,1
20211,7,6,1
20212,3,2,1
20213,3,1,2
20214,1,0,1
20216,3,0,3
20217,8,7,1
20218,1,0,1
20219,2,0,2
20220,4,3,1
20221,1,0,1
20222,5,0,5
20223,2,0,2
20224,2,0,2
20225,3,2,1
20226,4,0,4
20227,9,2,7
20228,2,0,2
20229,8,7,1
20230,2,0,2
20231,2,0,2
20232,16,4,12
20233,2,0,2
20234,9,6,3
20235,5,1,4
20236,1,0,1
20237,1,0,1
20238,1,0,1
20239,2,0,2
20240,4,1,3
20241,1,0,1
20242,15,12,3
20243,2,0,2
20244,6,4,2
20245,3,1,2
20246,2,0,2
20247,2,0,2
20248,11,6,5
20249,4,0,4
20250,2,0,2
20251,2,0,2
20252,3,2,1
20253,4,3,1
20254,2,1,1
20255,1,0,1
20256,2,0,2
20257,2,0,2
20258,2,0,2
20259,3,0,3
20260,4,2,2
20261,11,4,7
20262,3,2,1
20263,9,0,9
20264,5,4,1
20265,17,15,2
20266,9,5,4
20268,3,0,3
20269,4,2,2
20270,5,0,5
20271,4,0,4
20272,1,0,1
20273,10,5,5
20274,3,0,3
20275,5,3,2
20276,1,0,1
20277,28,14,14
20278,28,14,14
20279,8,0,8
20280,3,0,3
20282,2,0,2
20283,2,0,2
20284,1,0,1
20285,1,0,1
20286,3,0,3
20287,1,0,1
20288,2,0,2
20289,2,0,2
20290,2,0,2
20291,5,4,1
20292,6,2,4
20293,4,2,2
20294,3,0,3
20295,6,0,6
20296,5,2,3
20297,1,0,1
20298,8,3,5
20299,4,0,4
20300,2,0,2
20301,2,0,2
20302,1,0,1
20303,2,0,2
20304,2,0,2
20305,3,0,3
20306,1,0,1
20307,17,14,3
20308,2,0,2
20309,14,8,6
20310,2,0,2
20311,2,0,2
20312,4,3,1
20313,1,0,1
20314,1,0,1
20315,2,0,2
20316,2,0,2
20317,1,0,1
20318,42,4,38
20319,1,0,1
20320,1,0,1
20321,3,0,3
20322,2,0,2
20323,4,2,2
20324,43,14,29
20325,10,0,10
20326,5,3,2
20327,15,6,9
20328,2,0,2
20329,2,0,2
20330,13,6,7
20331,1,0,1
20332,2,0,2
20333,2,0,2
20334,40,20,20
20335,3,1,2
20336,7,0,7
20337,7,2,5
20338,9,0,9
20339,8,3,5
20340,4,3,1
20342,4,0,4
20343,2,0,2
20344,4,1,3
20345,2,1,1
20346,1,0,1
20347,6,2,4
20348,9,8,1
20349,1,0,1
20350,9,0,9
20351,3,2,1
20352,3,0,3
20353,1,0,1
20354,1,0,1
20355,1,0,1
20356,2,0,2
20357,1,0,1
20358,1,0,1
20359,1,0,1
20360,1,0,1
20361,2,0,2
20362,2,0,2
20363,7,5,2
20364,14,4,10
20365,5,3,2
20366,7,0,7
20367,1,0,1
20368,2,0,2
20369,2,0,2
20370,1,0,1
20371,6,0,6
20372,1,0,1
20373,2,0,2
20374,3,0,3
20375,3,0,3
20376,2,0,2
20377,19,10,9
20378,8,4,4
20379,1,0,1
20380,2,0,2
20381,3,2,1
20382,1,0,1
20383,1,0,1
20384,1,0,1
20385,35,6,29
20386,28,19,9
20387,2,0,2
20388,3,0,3
20389,2,0,2
20390,21,0,21
20391,2,0,2
20392,11,10,1
20393,2,0,2
20394,5,3,2
20395,4,2,2
20396,4,0,4
20397,16,8,8
20398,2,0,2
20399,8,2,6
20400,2,0,2
20401,19,10,9
20402,2,0,2
20403,3,0,3
20404,1,0,1
20405,3,0,3
20406,29,16,13
20407,20,18,2
20408,1,0,1
20409,4,0,4
20410,13,8,5
20411,2,0,2
20412,5,0,5
20413,35,4,31
20414,5,3,2
20415,5,4,1
20416,1,0,1
20417,7,6,1
20418,5,2,3
20419,2,0,2
20420,2,0,2
20421,2,0,2
20422,3,1,2
20423,4,2,2
20424,10,2,8
20425,1,0,1
20426,11,9,2
20427,3,1,2
20428,4,0,4
20429,1,0,1
20431,2,0,2
20432,1,0,1
20433,5,3,2
20434,7,6,1
20435,1,0,1
20436,1,0,1
20437,6,3,3
20438,2,0,2
20439,31,27,4
20440,1,0,1
20441,4,0,4
20442,2,0,2
20443,2,0,2
20444,1,0,1
20445,1,1,0
20446,9,6,3
20447,15,7,8
20448,3,0,3
20449,1,0,1
20450,27,23,4
20451,3,1,2
20452,1,0,1
20453,6,2,4
20454,4,2,2
20455,1,0,1
20456,1,0,1
20457,4,3,1
20458,3,0,3
20459,9,2,7
20460,8,6,2
20461,1,0,1
20462,2,0,2
20463,1,0,1
20464,3,0,3
20465,3,0,3
20466,11,7,4
20467,8,4,4
20468,12,11,1
20469,37,25,12
20470,9,8,1
20471,2,0,2
20472,2,0,2
20473,3,0,3
20474,6,4,2
20475,8,2,6
20476,1,0,1
20477,1,0,1
20478,2,1,1
20479,1,0,1
20480,1,0,1
20481,2,1,1
20482,56,20,36
20483,5,3,2
20484,7,0,7
20485,1,0,1
20486,5,0,5
20487,1,0,1
20489,4,3,1
20490,1,0,1
20491,11,9,2
20492,11,7,4
20493,1,0,1
20494,16,10,6
20495,5,2,3
20496,3,1,2
20497,2,0,2
20498,11,10,1
20499,3,0,3
20500,10,3,7
20501,2,0,2
20502,9,7,2
20503,1,0,1
20504,2,0,2
20505,5,1,4
20506,2,0,2
20507,2,0,2
20508,2,0,2
20509,10,9,1
20510,2,0,2
20511,12,5,7
20512,2,0,2
20513,4,2,2
20514,2,0,2
20515,49,15,34
20516,5,2,3
20517,1,0,1
20519,2,0,2
20520,10,4,6
20521,4,0,4
20522,2,0,2
20523,1,0,1
20524,2,0,2
20525,11,7,4
20526,15,6,9
20527,1,0,1
20528,1,0,1
20529,4,2,2
20530,5,2,3
20531,2,0,2
20532,8,7,1
20533,3,0,3
20534,2,0,2
20535,3,2,1
20537,16,10,6
20539,2,0,2
20540,9,0,9
20541,1,0,1
20542,2,0,2
20543,2,0,2
20544,5,2,3
20545,11,3,8
20546,3,0,3
20547,2,0,2
20548,6,0,6
20549,11,7,4
20550,4,0,4
20551,21,6,15
20552,2,0,2
20553,4,0,4
20554,4,2,2
20555,7,4,3
20557,5,0,5
20558,2,0,2
20559,26,9,17
20560,6,2,4
20561,1,0,1
20562,2,0,2
20563,3,0,3
20564,2,0,2
20565,12,0,12
20566,4,3,1
20567,4,2,2
20568,1,0,1
20569,1,1,0
20570,22,11,11
21001,33,3,30
21002,8,4,4
21003,49,9,40
21004,41,0,41
21005,2,0,2
21006,15,7,8
21007,3,0,3
21008,10,5,5
21009,1,0,1
21010,41,28,13
21011,2,0,2
21012,5,2,3
21013,4,0,4
21014,3,2,1
21015,38,3,35
21016,5,2,3
21017,12,5,7
21018,6,1,5
21019,83,16,67
21020,3,0,3
21021,2,0,2
21022,8,2,6
21023,5,2,3
21024,1,0,1
21025,8,3,5
21026,8,1,7
21027,4,2,2
21028,1,0,1
21029,1,0,1
21030,1,0,1
21031,2,0,2
21032,2,0,2
21033,1,0,1
21034,10,0,10
21035,18,8,10
21036,10,3,7
21037,1,0,1
21038,4,0,4
21039,7,5,2
21040,2,0,2
21041,26,2,24
21042,8,4,4
21043,38,25,13
21044,13,6,7
21045,28,7,21
21046,3,0,3
21047,15,4,11
21048,10,0,10
21049,11,6,5
21050,12,8,4
21051,17,5,12
21052,2,0,2
21053,42,20,22
21054,13,5,8
21055,5,1,4
21056,4,3,1
21057,5,4,1
21058,13,6,7
21059,4,1,3
21060,3,2,1
21061,15,7,8
21062,5,2,3
21063,9,4,5
21064,13,9,4
21065,12,2,10
21066,9,6,3
21067,7,1,6
21068,9,7,2
21069,14,5,9
21070,6,4,2
21071,60,14,46
21072,24,14,10
21073,7,2,5
21074,32,4,28
21075,5,3,2
21076,15,11,4
21077,4,2,2
21078,9,6,3
21079,2,0,2
21080,1,0,1
21081,6,2,4
21082,8,3,5
21083,32,29,3
21084,2,0,2
21085,60,10,50
21086,10,9,1
21087,7,5,2
21088,4,3,1
21089,7,4,3
21090,5,0,5
21091,5,0,5
21092,6,3,3
21093,5,4,1
21094,24,8,16
21095,1,0,1
21096,4,2,2
21097,2,0,2
21098,6,2,4
21099,14,8,6
21100,9,7,2
21101,4,2,2
21102,4,0,4
21103,6,0,6
21104,9,2,7
21105,4,0,4
21106,9,2,7
21107,9,5,4
21108,11,4,7
21109,14,8,6
21110,21,0,21
21111,15,6,9
21112,7,2,5
21113,5,3,2
21114,665,5,660
21115,17,0,17
21116,22,16,6
21117,9,0,9
21118,14,7,7
21119,60,1,59
21120,4,0,4
21121,2,0,2
21122,2,0,2
21123,4,3,1
21124,7,3,4
21125,8,0,8
21126,3,0,3
21127,2,1,1
21128,8,2,6
21129,7,4,3
21130,2,0,2
21131,1,0,1
21132,72,5,67
21133,2,0,2
21134,8,1,7
21135,3,0,3
21136,5,0,5
21137,4,0,4
21138,6,0,6
21139,3,1,2
21140,56,1,55
21141,3,2,1
21142,14,3,11
21143,14,0,14
21144,7,0,7
21145,25,20,5
21146,1,0,1
21147,6,1,5
21148,9,2,7
21149,4,0,4
21150,4,1,3
21151,3,0,3
21152,6,3,3
21153,14,6,8
21154,52,10,42
21155,7,4,3
21156,120,6,114
21157,5,2,3
21158,6,4,2
21159,1,0,1
21160,4,2,2
21161,13,2,11
21162,3,0,3
21163,5,0,5
21164,60,8,52
21165,3,0,3
21166,5,2,3
21167,14,11,3
21168,4,0,4
21169,13,6,7
21170,12,4,8
21171,2,0,2
21172,23,13,10
21173,2,0,2
21174,38,4,34
21175,4,1,3
21176,2,0,2
21177,20,5,15
21178,11,7,4
21179,25,17,8
21180,20,5,15
21181,3,0,3
21182,2,0,2
21183,18,6,12
21184,4,3,1
21185,4,1,3
21186,33,17,16
21187,9,5,4
21188,8,2,6
21189,10,2,8
21190,1,0,1
21191,8,2,6
21192,3,2,1
21193,5,4,1
21194,16,7,9
21195,19,6,13
21196,2,0,2
21197,41,17,24
21198,2,1,1
21199,23,14,9
21200,6,3,3
21201,2,0,2
21202,10,2,8
21203,3,0,3
21204,6,3,3
21205,10,1,9
21206,5,2,3
21207,48,9,39
21208,59,35,24
21209,6,5,1
21210,9,2,7
21211,14,2,12
21212,19,10,9
21213,11,10,1
21214,5,1,4
21215,3,2,1
21216,2,0,2
21217,17,5,12
22001,36,20,16
22002,30,23,7
22003,21,15,6
22004,37,19,18
22005,21,6,15
22006,62,4,58
22007,20,3,17
22008,16,8,8
22009,30,11,19
22010,21,18,3
22011,41,4,37
22012,23,2,21
22013,22,19,3
22014,339,16,323
22015,11,7,4
22016,87,8,79
22017,25,0,25
22018,16,5,11
23001,33,1,32
23002,100,62,38
23003,12,0,12
23004,199,62,137
23005,307,3,304
23006,48,39,9
23007,38,31,7
23008,116,2,114
23009,29,13,16
23010,68,57,11
23011,15,0,15
24001,13,6,7
24002,7,4,3
24003,33,28,5
24004,9,4,5
24005,9,2,7
24006,13,10,3
24007,11,6,5
24008,17,6,11
24009,5,4,1
24010,19,11,8
24011,16,5,11
24012,22,14,8
24013,88,27,61
24014,16,11,5
24015,12,5,7
24016,19,8,11
24017,20,16,4
24018,13,9,4
24019,10,8,2
24020,52,12,40
24021,24,20,4
24022,14,7,7
24023,13,7,6
24024,56,22,34
24025,15,6,9
24026,8,6,2
24027,8,3,5
24028,261,12,249
24029,23,21,2
24030,8,5,3
24031,17,13,4
24032,24,16,8
24033,12,9,3
24034,12,9,3
24035,64,2,62
24036,25,17,8
24037,80,52,28
24038,10,7,3
24039,17,12,5
24040,31,20,11
24041,23,20,3
24042,7,3,4
24043,9,6,3
24044,11,7,4
24045,12,6,6
24046,10,5,5
24047,12,8,4
24048,3,0,3
24049,19,4,15
24050,24,9,15
24051,15,8,7
24052,7,3,4
24053,30,18,12
24054,40,33,7
24055,13,9,4
24056,7,4,3
24057,21,15,6
24058,12,6,6
24059,23,1,22
25001,158,20,138
25002,31,10,21
25003,75,67,8
25004,38,27,11
25005,28,16,12
25006,405,47,358
25007,50,38,12
25008,22,14,8
25009,39,10,29
25010,60,31,29
25011,113,37,76
25012,207,20,187
25013,55,40,15
25014,39,23,16
25015,58,13,45
25016,37,25,12
25017,71,50,21
25018,53,14,39
25019,22,4,18
25020,13,2,11
26001,5,1,4
26002,38,7,31
26003,87,79,8
26004,7,2,5
26005,6,4,2
26006,12,10,2
26007,2,0,2
26008,2,0,2
26009,6,4,2
26010,6,4,2
26011,4,2,2
26012,27,16,11
26013,2,0,2
26014,10,8,2
26015,5,3,2
26016,6,2,4
26017,62,30,32
26018,157,27,130
26019,21,7,14
26020,3,0,3
26021,7,5,2
26022,2,0,2
26023,13,8,5
26024,2,0,2
26025,28,16,12
26026,56,30,26
26027,11,4,7
26028,3,0,3
26029,84,37,47
26030,314,44,270
26031,4,2,2
26032,3,0,3
26033,85,57,28
26034,5,1,4
26035,14,9,5
26036,19,4,15
26037,3,0,3
26038,9,3,6
26039,8,3,5
26040,7,5,2
26041,6,0,6
26042,112,54,58
26043,68,9,59
26044,2,0,2
26045,7,5,2
26046,2,0,2
26047,13,6,7
26048,27,1,26
26049,10,8,2
26050,3,1,2
26051,15,11,4
26052,20,14,6
26053,2,0,2
26054,2,0,2
26055,67,15,52
26056,7,3,4
26057,5,3,2
26058,26,11,15
26059,4,2,2
26060,5,3,2
26061,11,9,2
26062,2,0,2
26063,3,1,2
26064,5,3,2
26065,6,4,2
26066,18,12,6
26067,4,2,2
26068,5,3,2
26069,16,13,3
26070,7,1,6
26071,14,6,8
26072,14,7,7
27001,75,49,26
27002,164,50,114
27003,91,45,46
27004,470,134,336
27005,144,64,80
27006,103,58,45
27007,39,14,25
27008,156,79,77
27009,43,32,11
27010,72,43,29
27011,52,33,19
27012,162,103,59
27013,82,45,37
27014,59,26,33
27015,72,49,23
27016,53,29,24
27017,73,49,24
28001,22,11,11
28002,31,13,18
28003,88,11,77
28004,7,4,3
28005,9,3,6
28006,16,11,5
28007,24,8,16
28008,8,6,2
28009,61,0,61
28010,6,2,4
28011,11,6,5
28012,30,7,23
28013,14,9,5
28014,5,0,5
28015,11,4,7
28016,28,13,15
28017,37,13,24
28018,7,3,4
28019,21,14,7
28020,6,4,2
28021,86,26,60
28022,265,37,228
28023,6,4,2
28024,7,0,7
28025,28,1,27
28026,8,6,2
28027,142,2,140
28028,5,2,3
28029,12,7,5
28030,10,0,10
28031,3,1,2
28032,265,17,248
28033,68,17,51
28034,19,12,7
28035,77,29,48
28036,3,2,1
28037,32,16,16
28038,161,0,161
28039,28,16,12
28040,57,7,50
28041,166,12,154
28042,13,8,5
28043,16,2,14
29001,7,2,5
29002,24,0,24
29003,9,7,2
29004,16,11,5
29005,61,5,56
29006,22,3,19
29007,5,2,3
29008,6,4,2
29009,6,4,2
29010,40,3,37
29011,4,2,2
29012,10,8,2
29013,58,11,47
29014,11,7,4
29015,22,8,14
29016,2,0,2
29017,2,0,2
29018,12,2,10
29019,7,0,7
29020,5,0,5
29021,10,5,5
29022,4,1,3
29023,19,4,15
29024,14,7,7
29025,22,0,22
29026,9,0,9
29027,5,0,5
29028,5,0,5
29029,8,2,6
29030,11,4,7
29031,11,2,9
29032,10,3,7
29033,83,0,83
29034,39,22,17
29035,2,0,2
29036,7,2,5
29037,4,2,2
29038,11,3,8
29039,14,0,14
29040,9,4,5
29041,11,0,11
29042,6,0,6
29043,12,0,12
29044,20,0,20
29045,2,0,2
29046,4,2,2
29047,2,0,2
29048,6,0,6
29049,3,0,3
29050,5,0,5
29051,2,0,2
29052,2,0,2
29053,2,0,2
29054,2,0,2
29055,2,0,2
29056,2,0,2
29057,2,0,2
29058,3,0,3
29059,2,0,2
29060,3,0,3
30001,10,7,3
30002,6,0,6
30003,45,10,35
30004,24,18,6
30005,7,2,5
30006,16,13,3
30007,5,3,2
30008,10,8,2
30009,17,9,8
30010,30,18,12
30011,23,10,13
30012,8,3,5
30013,18,2,16
30014,15,4,11
30015,14,8,6
30016,18,5,13
30017,3,0,3
30018,1,0,1
30019,9,6,3
30020,10,9,1
30021,14,6,8
30022,8,5,3
30023,37,30,7
30024,8,5,3
30025,15,10,5
30026,12,0,12
30027,12,8,4
30028,82,1,81
30029,8,7,1
30030,18,3,15
30031,18,16,2
30032,25,11,14
30033,17,12,5
30034,18,5,13
30035,5,3,2
30036,3,0,3
30037,4,1,3
30038,28,1,27
30039,123,3,120
30040,13,6,7
30041,5,3,2
30042,6,4,2
30043,13,8,5
30044,80,9,71
30045,40,6,34
30046,7,5,2
30047,21,14,7
30048,35,11,24
30049,16,12,4
30050,6,4,2
30051,9,5,4
30052,6,0,6
30053,13,7,6
30054,11,6,5
30055,7,5,2
30056,11,9,2
30057,10,8,2
30058,42,38,4
30059,11,4,7
30060,6,4,2
30061,52,35,17
30062,5,1,4
30063,11,9,2
30064,2,0,2
30065,22,12,10
30066,21,14,7
30067,7,4,3
30068,17,6,11
30069,15,8,7
30070,22,18,4
30071,22,9,13
30072,35,30,5
30073,17,7,10
30074,4,2,2
30075,8,4,4
30076,12,10,2
30077,20,8,12
30078,11,8,3
30079,7,5,2
30080,10,7,3
30081,7,0,7
30082,8,5,3
30083,42,38,4
30084,5,2,3
30085,28,2,26
30086,18,9,9
30087,170,0,170
30088,3,1,2
30089,16,2,14
30090,7,4,3
30091,22,15,7
30092,11,4,7
30093,3,0,3
30094,16,8,8
30095,14,11,3
30096,2,0,2
30097,6,0,6
30098,1,0,1
30099,6,2,4
30100,12,7,5
30101,18,12,6
30102,41,6,35
30103,5,2,3
30104,13,10,3
30105,21,7,14
30106,2,0,2
30107,7,4,3
30108,83,36,47
30109,30,19,11
30110,7,5,2
30111,11,5,6
30112,13,8,5
30113,3,1,2
30114,13,8,5
30115,16,5,11
30116,8,0,8
30117,10,7,3
30118,63,0,63
30119,5,0,5
30120,4,0,4
30121,21,16,5
30122,8,4,4
30123,64,36,28
30124,67,39,28
30125,18,12,6
30126,14,7,7
30127,13,9,4
30128,28,6,22
30129,19,11,8
30130,30,16,14
30131,81,0,81
30132,5,2,3
30133,17,2,15
30134,6,4,2
30135,7,0,7
30136,3,0,3
30137,4,1,3
30138,13,0,13
30139,6,2,4
30140,2,0,2
30141,68,31,37
30142,16,11,5
30143,37,18,19
30144,18,11,7
30145,6,1,5
30146,2,0,2
30147,16,9,7
30148,17,10,7
30149,27,16,11
30150,9,7,2
30151,21,16,5
30152,21,16,5
30153,5,3,2
30154,14,12,2
30155,47,35,12
30156,5,3,2
30157,15,13,2
30158,13,10,3
30159,17,13,4
30160,65,47,18
30161,20,15,5
30162,2,0,2
30163,3,1,2
30164,5,2,3
30165,9,7,2
30166,5,3,2
30167,16,14,2
30168,15,10,5
30169,18,8,10
30170,7,5,2
30171,1,0,1
30172,10,7,3
30173,34,26,8
30174,53,25,28
30175,36,22,14
30176,4,0,4
30177,10,8,2
30178,5,1,4
30179,2,0,2
30180,17,14,3
30181,25,13,12
30182,7,4,3
30183,26,6,20
30184,10,7,3
30185,2,0,2
30186,3,1,2
30187,3,1,2
30188,9,7,2
30189,65,14,51
30190,5,0,5
30191,15,4,11
30192,13,6,7
30193,199,2,197
30194,6,1,5
30195,4,2,2
30196,6,2,4
30197,8,5,3
30198,14,11,3
30199,5,2,3
30200,6,4,2
30201,37,34,3
30202,14,10,4
30203,8,6,2
30204,19,8,11
30205,13,6,7
30206,7,0,7
30207,23,12,11
30208,6,0,6
30209,15,8,7
30210,28,27,1
30211,14,2,12
30212,10,6,4
31001,2,0,2
31002,3,0,3
31003,2,0,2
31004,3,1,2
31005,1,0,1
31006,2,1,1
31007,2,0,2
31008,2,0,2
31009,1,0,1
31010,1,0,1
31011,2,0,2
31012,3,1,2
31013,6,1,5
31014,1,0,1
31015,1,0,1
31016,2,1,1
31017,6,4,2
31018,2,1,1
31019,14,5,9
31020,2,0,2
31021,4,1,3
31022,3,1,2
31023,1,0,1
31024,2,0,2
31025,3,0,3
31026,1,0,1
31027,3,0,3
31028,1,0,1
31029,2,0,2
31030,5,4,1
31031,2,1,1
31032,6,3,3
31033,6,2,4
31034,3,1,2
31035,2,0,2
31036,2,0,2
31037,1,0,1
31038,9,2,7
31039,1,0,1
31040,9,2,7
31041,14,0,14
31042,3,1,2
31043,2,0,2
31044,3,1,2
31045,1,0,1
31046,1,0,1
31047,3,1,2
31048,10,5,5
31049,1,0,1
31050,360,4,356
31051,1,0,1
31052,13,3,10
31053,4,0,4
31054,1,0,1
31055,2,1,1
31056,11,6,5
31057,5,2,3
31058,9,5,4
31059,21,1,20
31060,1,0,1
31061,4,2,2
31062,1,0,1
31063,3,1,2
31064,1,0,1
31065,2,0,2
31066,3,1,2
31067,1,0,1
31068,2,1,1
31069,6,3,3
31070,1,0,1
31071,1,0,1
31072,1,0,1
31073,3,0,3
31074,1,0,1
31075,2,0,2
31076,5,1,4
31077,1,0,1
31078,1,0,1
31079,19,7,12
31080,2,0,2
31081,2,0,2
31082,1,0,1
31083,2,0,2
31084,1,0,1
31085,9,3,6
31086,1,0,1
31087,2,1,1
31088,1,0,1
31089,17,0,17
31090,2,0,2
31091,6,2,4
31092,5,4,1
31093,6,2,4
31094,1,0,1
31095,1,0,1
31096,35,14,21
31097,3,1,2
31098,9,3,6
31099,2,1,1
31100,2,0,2
31101,11,0,11
31102,56,10,46
31103,1,0,1
31104,9,6,3
31105,1,0,1
31106,3,1,2
32001,8,2,6
32002,4,2,2
32003,4,0,4
32004,4,1,3
32005,17,0,17
32006,9,2,7
32007,17,9,8
32008,7,1,6
32009,10,4,6
32010,105,30,75
32011,3,0,3
32012,7,4,3
32013,3,0,3
32014,31,25,6
32015,4,1,3
32016,18,11,7
32017,103,6,97
32018,7,3,4
32019,21,9,12
32020,38,12,26
32021,7,5,2
32022,12,1,11
32023,10,5,5
32024,31,8,23
32025,10,3,7
32026,31,27,4
32027,6,4,2
32028,2,0,2
32029,12,4,8
32030,4,0,4
32031,14,7,7
32032,9,2,7
32033,5,2,3
32034,21,11,10
32035,14,10,4
32036,26,13,13
32037,9,0,9
32038,57,46,11
32039,44,14,30
32040,20,10,10
32041,5,4,1
32042,43,24,19
32043,1,0,1
32044,15,7,8
32045,12,5,7
32046,11,4,7
32047,12,5,7
32048,28,5,23
32049,42,28,14
32050,11,6,5
32051,30,17,13
32052,11,4,7
32053,11,2,9
32054,17,10,7
32055,19,10,9
32056,82,5,77
32057,5,0,5
32058,1,0,1
